gen_found,lineage_id,f_0,f_1,design_0,design_1,design_2,design_3,design_4,design_5,g_al_0,raw_delta_vs1
351,8443,0.823402,0.005338448571428571,1.4811289916875465,1.024569173387517,1.2077794268661382,1.7733108275077603,1.4083643179415144,1.2062786084124926,-48.768590233071336,51.231409766928664
361,8682,0.8189859999999999,0.006388757142857143,1.4798302798290224,1.02450766850149,1.2020765989391433,1.7683554429092205,1.4020132989205356,1.2058027075726885,-74.23993500629331,25.760064993706692
363,8735,0.9215900000000005,0.004710354285714286,1.479131971967525,1.024488247746871,1.2091024622713231,1.7733124553380073,1.409145445870453,1.2063131342001037,-36.03083378942665,63.96916621057335
369,8875,0.8170080000000002,0.00653492,1.4797782677443723,1.0244958061030722,1.2018230909850922,1.7687774744797387,1.4017072687381094,1.2049847758657055,-74.23993500629331,25.760064993706692
372,8949,0.8238020000000004,0.0051145371428571425,1.4803513873151386,1.0245391749701975,1.208124634790675,1.773215033773084,1.4080756472779123,1.2075738078782279,-49.03301458016904,50.96698541983096
375,9000,0.6136099999999997,0.07569445714285714,1.9698570968173383,1.0734310701282581,1.039645085637992,1.8256825855254477,1.791423666090084,1.8000707085467555,-75.15233557143029,24.847664428569715
384,9216,0.6103700000000002,0.07583565714285714,1.969993528080461,1.0734224299609136,1.039327633389262,1.8255058477127843,1.7903034461186642,1.8000859010599763,-62.86148942337468,37.13851057662532
391,9401,0.8037999999999995,0.0095956,1.4679382295169758,1.0240451227942624,1.1869440914862366,1.7714634420582416,1.3773021232188958,1.2180111999186476,-36.37474470029247,63.62525529970753
394,9461,0.6481739999999998,0.06451851428571428,1.9388665572912507,1.0697417726544118,1.046537200713808,1.8463490735610693,1.7920037136532747,1.8037559162451582,-48.107361070716706,51.892638929283294
399,9579,0.6321800000000001,0.07087145714285714,1.9591778943960205,1.0713932731219706,1.0429098157544576,1.8255380205791674,1.7873383788435904,1.7967585292721235,-74.89169675089579,25.10830324910421
399,9580,0.6487980000000002,0.06445774285714286,1.9385519333469905,1.0692459808028207,1.0470634169113504,1.8451812785017394,1.79139827025898,1.8026342768776062,-48.23962614102538,51.76037385897462
401,9626,0.6240019999999997,0.07298865714285714,1.9621939593428797,1.0708530988499683,1.0427138077262366,1.8274257832572174,1.7865088485856033,1.7934487044579148,-76.58517663191105,23.414823368088946
402,9655,0.6488039999999998,0.060271342857142855,1.92249280221365,1.067633206317306,1.050678956447168,1.8376834382843086,1.7998828995389893,1.7902714459724014,-7.312529881213322,92.68747011878668
403,9682,0.6838080000000002,0.04877951428571428,1.888795252029688,1.0650170049709635,1.059914009213422,1.852295176398786,1.8194914686599228,1.7772260621251779,-34.29906542056642,65.70093457943358
404,9719,0.9236,0.004619634285714286,1.4789109908773184,1.0245080067227532,1.209254529623601,1.77323945340392,1.4099511693140752,1.2062409283810713,-36.16397869079219,63.83602130920781
406,9745,0.62098,0.07360022857142856,1.9660524154511345,1.072071866024346,1.0410150110820893,1.8260743505284234,1.783373431795225,1.800954380082553,-86.71278471446658,13.28721528553342
407,9772,0.6449960000000002,0.06467662857142857,1.9382605447913879,1.0687356657296192,1.0472264433803273,1.8463350824342646,1.7883476192146863,1.8042483410380554,-47.57820456857462,52.42179543142538
408,9794,0.6246039999999999,0.07275765714285715,1.9621853734170844,1.0710380955482586,1.042615043450511,1.8273777097276238,1.7869427708716294,1.793622677002355,-74.50066794239456,25.499332057605443
410,9844,0.6353920000000004,0.06740508571428572,1.9391167785864525,1.0688814484400777,1.0465949181587602,1.84585686637263,1.7910246035101673,1.8033994791911674,-23.337605272771725,76.66239472722827
416,9991,0.6531819999999999,0.058168114285714285,1.9175719667168367,1.067083823498118,1.0518034243724261,1.8344386065569964,1.7992317139374427,1.7939347349633463,-36.29711387603402,63.70288612396598
420,10086,0.6506019999999999,0.05852508571428571,1.9187120282903125,1.0672651139721638,1.0514012954403258,1.8350527779915502,1.7994498106823213,1.7939399292033475,-35.23176028319904,64.76823971680096
422,10139,0.6870020000000002,0.047397771428571434,1.8846478421383768,1.064456101167115,1.0613568673660922,1.8502430838198538,1.8217356598375156,1.7702056845328524,-32.96581696006024,67.03418303993976
423,10156,0.6374260000000005,0.06530525714285713,1.9376903706445967,1.0694606050086708,1.046284533033135,1.8452414873141263,1.791745693143679,1.8048910561693796,-23.20352264821304,76.79647735178696
424,10185,0.6862020000000002,0.048506457142857146,1.8879012977849114,1.0652635821884635,1.0599270590272538,1.8524834574239852,1.818697765432204,1.7771698870121961,-23.33760527281811,76.66239472718189
425,10210,0.6923799999999999,0.046083514285714285,1.8790584608691279,1.0633932602114569,1.0641329803025779,1.8502623690616757,1.8219004271771964,1.768787058059798,-21.593764882599316,78.40623511740068
426,10245,0.8199799999999998,0.00569212,1.4820777952337183,1.0246101622186035,1.2044014735707775,1.7700117162232611,1.4066587457726745,1.2094727908490672,-62.33661788144309,37.66338211855691
427,10271,0.9246080000000009,0.004422137142857142,1.4790520081620633,1.024510078070366,1.2093363246575732,1.7732727973658329,1.4105056014939863,1.2062337776541558,-34.96532467056295,65.03467532943705
428,10276,0.6403739999999997,0.06519197142857143,1.93773047227345,1.0696965674369763,1.046117362259759,1.8454751629390451,1.791603901775249,1.8053570077744852,-20.654085745688008,79.34591425431199
430,10327,0.6697919999999994,0.054423514285714285,1.9052206886733731,1.0667664607979899,1.054298043557561,1.8484125617576668,1.8056987608061463,1.787049597936878,-33.89919310670666,66.10080689329334
430,10329,0.6825860000000001,0.04902254285714285,1.8892682983303888,1.0649089179117972,1.0597864784003392,1.8518212673701149,1.819486916792716,1.7781541717105789,-23.873837592464497,76.1261624075355
439,10542,0.6536100000000001,0.05778031428571428,1.9168172912757604,1.0670467942904873,1.0518806839279071,1.833892103649251,1.7994526323296276,1.7937069075906282,-34.43233672834276,65.56766327165724
441,10595,0.6912200000000005,0.046611542857142856,1.8774836878680166,1.0645117180270447,1.061581101841208,1.8511663075186577,1.8151585333334552,1.7693183280034697,-35.89767917092013,64.10232082907987
443,10653,0.8199900000000001,0.00553148,1.4821046405305287,1.0246281203113157,1.2044321508594298,1.7700395245457845,1.4066325306513672,1.2095022470250465,-61.68031450410672,38.31968549589328
445,10684,0.64318,0.06509965714285715,1.937520236560248,1.069517210244446,1.0465304073763757,1.8449290312465414,1.7916963323251078,1.8051327236846675,-20.385517443560275,79.61448255643973
446,10706,0.6303799999999996,0.07104148571428572,1.9596030976463594,1.0714872765893733,1.0426838518414303,1.8263892898882967,1.7882273567832692,1.796660523365248,-89.94679321253352,10.053206787466479
448,10763,0.6968219999999995,0.04350194285714286,1.873620431401457,1.0631729026318337,1.0651228107369144,1.852723723928103,1.8242712594084813,1.7714010809970795,-22.398820642426926,77.60117935757307
452,10860,0.703414,0.04086608571428571,1.868657744173748,1.06285048449894,1.0670794699955815,1.8483755695185609,1.8283842434889044,1.7692211864730158,-8.123873956684292,91.87612604331571
454,10901,0.6551880000000001,0.05670237142857143,1.9150279917781452,1.0671261813949513,1.0520291109218765,1.8332407886518636,1.7990145333965146,1.794476321358341,-33.63256289483661,66.36743710516339
456,10963,0.80541,0.009034137142857144,1.469255408371743,1.0241423165459014,1.187542243720904,1.7708447701450691,1.3801294916988271,1.21696457883745,-35.630897056761114,64.36910294323889
457,10982,0.7426079999999999,0.03208628571428571,1.844410169779822,1.0609305275887433,1.0787029432187374,1.8614384830474577,1.847103767788716,1.7599410807941387,-21.727965418699114,78.27203458130089
460,11058,0.8021939999999996,0.009838174285714285,1.467411033913833,1.0240275458729482,1.1848632600066813,1.7713284222853714,1.374746223073861,1.218605764494726,-11.136768870403102,88.8632311295969
467,11209,0.6137680000000004,0.07389545714285714,1.9641595544175985,1.0724946355185165,1.0403766301761341,1.8261064128813964,1.7854327762544504,1.7992065899885306,-75.02202086568741,24.97797913431259
467,11215,0.6822020000000003,0.049542800000000005,1.8910246559402664,1.0652058926983379,1.059276077546079,1.8482388327885457,1.8167576458359396,1.7718960839824422,-33.89919310675259,66.10080689324741
467,11222,0.7319820000000002,0.033183314285714284,1.8475371831294116,1.061192972126095,1.0760181608180093,1.8627729456213349,1.8453877225859758,1.76423709543932,-7.988674805093524,92.01132519490648
468,11233,0.6164019999999998,0.07365828571428572,1.9637286629182666,1.0725801898944705,1.040398407262279,1.826273476708994,1.785555199355703,1.7993860515781386,-73.45751020263197,26.542489797368034
468,11237,0.6543819999999997,0.057197314285714285,1.9161303169521895,1.0671586106624216,1.0520187934004226,1.834136867967054,1.7990810262947037,1.794277237928644,-35.364963503648596,64.6350364963514
468,11254,0.8259960000000002,0.0048860200000000005,1.4809651338354572,1.0245623733408808,1.2095917732753425,1.7751013962778417,1.409520049415108,1.2080570367217485,-35.36496350360267,64.63503649639733
469,11265,0.6957959999999997,0.0443124,1.8764394860709515,1.063751739772112,1.064217249411929,1.8519096221977835,1.8234332895516547,1.7718525828212617,-35.23176028319904,64.76823971680096
470,11290,0.6991720000000005,0.04191537142857143,1.8699024224205676,1.0630633545278365,1.0658590588825867,1.8535083465464905,1.8248865011907742,1.7717335735847282,-23.337605272771725,76.66239472722827
470,11292,0.713392,0.038538885714285716,1.8617324807209001,1.0626160958864979,1.0697994837964495,1.856634093126711,1.836887889725207,1.7686528385589275,-7.853465710608361,92.14653428939164
472,11342,0.7241819999999994,0.03472957142857143,1.8495433095309355,1.060987763298003,1.074770485339848,1.8619970760717797,1.844114137407596,1.764670889114805,-7.853465710608361,92.14653428939164
473,11374,0.9062019999999995,0.004865722857142857,1.4809306790091272,1.0245594986182964,1.2095977195663716,1.775126850724284,1.4095592169204394,1.2080835869618707,-48.90080721403183,51.09919278596817
474,11383,0.6777979999999995,0.05043994285714286,1.8930374558286656,1.065100906915109,1.0588137560957156,1.8465513708780583,1.8158003235257285,1.771371964046234,-23.33760527281811,76.66239472718189
474,11391,0.7464360000000001,0.03172928571428572,1.8425437809203746,1.0609083698916622,1.079981856400283,1.8620331358420152,1.852637735272034,1.754813809368772,-6.906723554491236,93.09327644550876
475,11404,0.6493819999999996,0.058911028571428575,1.920696490483114,1.067763312852017,1.0506838949660824,1.8358109582866418,1.8005735313253868,1.7921630230253145,-22.532962203369152,77.46703779663085
475,11422,0.9061919999999992,0.0048847628571428575,1.4809661977534292,1.0245615145405633,1.2095984235176713,1.7751115066306136,1.4095239503733286,1.2080689666557711,-49.16521233271487,50.83478766728513
477,11459,0.7043819999999997,0.04021957142857143,1.8668990260818346,1.0629080166401277,1.067398935644235,1.848260178214862,1.8293989688107084,1.7685950987226138,-9.610408703334997,90.389591296665
479,11503,0.6805940000000001,0.05002137142857143,1.8926376881585592,1.0652661546745021,1.0589248350193894,1.8472901452137056,1.8175553225900347,1.771433210784478,-35.364963503648596,64.6350364963514
479,11507,0.7062119999999996,0.039833,1.8659120565810696,1.0627733973650029,1.0679401160587507,1.8482321774442159,1.829585979629553,1.7684112898111013,-22.66709393884412,77.33290606115588
480,11530,0.7001999999999999,0.041432828571428576,1.8685153141370645,1.0628781528951536,1.066323258626463,1.853834271421438,1.8250106574410228,1.7715425444565591,-20.385517443560275,79.61448255643973
480,11536,0.7694199999999997,0.02342343714285714,1.8197556723794088,1.0582001329054813,1.0922859832797664,1.86839304397815,1.8597728332743049,1.7492500205262864,-61.41772656448666,38.58227343551334
481,11557,0.7194200000000003,0.035565314285714286,1.8536245325336356,1.0616198810954653,1.0724762489046196,1.861547272254387,1.840273522845395,1.7670894569969666,-7.988674805140818,92.01132519485918
482,11585,0.7816200000000001,0.021324205714285716,1.8163544703796903,1.0580564259899696,1.0952026690115086,1.8693688024183004,1.860723428168061,1.7470078008750032,-61.68031450415219,38.31968549584781
483,11592,0.6074100000000004,0.07637722857142858,1.971099677120416,1.0733968346013634,1.0390922195382124,1.8253371522690784,1.7887031218338203,1.8009246098638765,-74.89169675089579,25.10830324910421
483,11602,0.701824,0.041097742857142856,1.867516069276874,1.0627774933711474,1.0666263942552257,1.8540709236039385,1.8245575167738024,1.7713108234505748,-20.922614685614462,79.07738531438554
483,11607,0.7537880000000002,0.0306002,1.8405175212398017,1.0603732418233134,1.0820641557299544,1.862888531945269,1.848065576677901,1.7566751598578647,-7.177271055515121,92.82272894448488
483,11608,0.7710159999999999,0.023164974285714287,1.8203194578491941,1.0586458447646132,1.0913644091580839,1.8687255987688405,1.857569790470232,1.7511427201032626,-61.68031450415219,38.31968549584781
484,11636,0.8041960000000006,0.009070797142857143,1.4692191886173456,1.0241325844340872,1.1874978022952192,1.7708719943631557,1.3799618444791146,1.2169734734360977,-35.75484983974911,64.24515016025089
484,11637,0.8161819999999992,0.006683477142857143,1.4797863678696148,1.0244845572036616,1.2014623546928072,1.7690243885843324,1.4016662649263338,1.2049359295973783,-74.76136322608045,25.238636773919552
485,11656,0.7602200000000001,0.02367710285714286,1.8230616083711373,1.0588440526935368,1.0887347890079844,1.8678466448971742,1.8596566385525515,1.751699524966975,-48.23962614102538,51.76037385897462
486,11676,0.7210280000000004,0.03514997142857143,1.8525352776013757,1.0615507664819228,1.0728403810549783,1.8615713249664496,1.8407544798822182,1.7668635557724846,-7.042002280338238,92.95799771966176
486,11677,0.7302180000000004,0.03322611428571429,1.8473993258151267,1.0611864609334565,1.0756678854091344,1.8634521381519338,1.8452453950539178,1.7641510000149268,-9.340219069337309,90.65978093066269
486,11679,0.7582079999999997,0.026662222857142856,1.831722757353345,1.059301560739696,1.0862852953537327,1.8655635059858457,1.8526255208899682,1.7541914566477792,-62.46785002716797,37.53214997283203
486,11680,0.7674060000000001,0.023451731428571432,1.8193300411608153,1.058246392978607,1.0918538092972403,1.8692653829437225,1.8611698774100163,1.7493301692226657,-46.916542365481746,53.083457634518254
486,11681,0.7943860000000003,0.02105270857142857,1.8127097508468524,1.0580738745039793,1.0981654397573044,1.8701849948976523,1.8620701084098477,1.7455504578409442,-60.8924364875229,39.1075635124771
488,11720,0.688802,0.0469898,1.8836717423871168,1.0646305280210255,1.061351518102289,1.8521303741803212,1.8214717991155231,1.772721143281589,-21.996336996369337,78.00366300363066
489,11748,0.7216119999999998,0.03481477142857143,1.8505099697708964,1.0611588815702049,1.073810220976294,1.861846048911088,1.8412111676001033,1.7664815257800477,-7.583017688376913,92.41698231162309
491,11793,0.6926139999999995,0.044855342857142856,1.8772206358999013,1.0635197759443145,1.0639239750047647,1.8517362008542648,1.8225551861569411,1.7724161676910826,-22.66709393884412,77.33290606115588
491,11799,0.7561999999999998,0.02794991714285714,1.8353457748783497,1.0596775692133855,1.0847379694555912,1.8637173779191891,1.8507873034560816,1.7542880675035994,-61.94286438897325,38.05713561102675
492,11810,0.6265819999999996,0.07111002857142858,1.9596725120658232,1.0713271046992274,1.0426603452751746,1.8259559029225452,1.788167062054306,1.7966189640065602,-88.26583462214421,11.734165377855788
492,11815,0.678994,0.050269342857142865,1.892511611482369,1.0650525833063422,1.0589697202545225,1.846842632399037,1.8162088027771344,1.7710380865582918,-21.996336996322952,78.00366300367705
492,11817,0.6933800000000002,0.04444162857142857,1.8764338369210447,1.0634929175942918,1.064052615912863,1.851843858532499,1.8229215350766954,1.7724136655935296,-21.862156122944725,78.13784387705527
492,11831,0.9261960000000005,0.004177631428571429,1.478700350907202,1.0245007752028035,1.209632273501786,1.7734439362757277,1.4112187244069687,1.2061486884608876,-21.862156122944725,78.13784387705527
493,11845,0.7282139999999998,0.03347788571428571,1.8481397309892433,1.061243859187401,1.075224347658802,1.8631101033934598,1.844892333456774,1.7643337793333533,-7.853465710608361,92.14653428939164
494,11861,0.6591920000000007,0.055960571428571436,1.9134833145876013,1.0671060258777645,1.0525182139795122,1.832290690851006,1.7992395454120342,1.794106464093501,-36.430239346168946,63.569760653831054
495,11886,0.6649839999999996,0.05451457142857143,1.9057282333037033,1.0666340430594272,1.0540268070315661,1.847780727900552,1.8053707122956903,1.7869494460629767,-49.4295790009528,50.5704209990472
495,11891,0.7111860000000003,0.038698114285714284,1.8620041664165938,1.0623133018016282,1.0694019756997577,1.8581757185719383,1.8349446375669085,1.769290679129962,-7.583017688376913,92.41698231162309
495,11645,0.6559940000000005,0.056078857142857146,1.9136624541038905,1.0670260506678737,1.0522892470497094,1.8323916912798397,1.799205189960199,1.7943457222962973,-35.364963503648596,64.6350364963514
496,11907,0.6361760000000006,0.06556168571428572,1.9382995143413397,1.0695034733372035,1.0460685438961155,1.845717024712194,1.7916908067507695,1.8035881899403046,-22.13050804000659,77.86949195999341
496,11915,0.7164080000000002,0.037869542857142856,1.8590985341883794,1.0624229791262805,1.070368022408776,1.859283284176433,1.8358345460577292,1.7693756381104242,-7.447778758483764,92.55222124151624
496,11917,0.726008,0.033798657142857146,1.8490013248370143,1.0612712850680612,1.0749020948837507,1.8628179571887864,1.8443033611134434,1.7645180658116337,-7.312529881213322,92.68747011878668
497,11934,0.6674080000000004,0.05448262857142857,1.9057180560415101,1.0666959403808862,1.0540422873708337,1.8478174049567475,1.8053913147015666,1.7869689082657871,-34.432336728389146,65.56766327161085
497,11941,0.7252,0.03405451428571429,1.849003215853405,1.0611350735423062,1.0748375302213238,1.8629779842552185,1.8442242134518372,1.764252125149108,-7.177271055515121,92.82272894448488
497,11943,0.7556060000000001,0.02990697142857143,1.8377584156278013,1.0600293089028883,1.0833456368331094,1.8625427014910456,1.849602380673216,1.7556655327760131,-7.718246672083751,92.28175332791625
498,11954,0.626166,0.0711872,1.9596789260040304,1.0713021466520745,1.0426627382879783,1.8259075147145527,1.78804710642472,1.7965931770804098,-73.19662657562958,26.80337342437042
499,11976,0.6080159999999999,0.07629397142857143,1.9710388863003856,1.0733983888701186,1.0391319462999373,1.8253281078707717,1.7887747202905713,1.8008901076699546,-74.10955441611668,25.89044558388332
499,11988,0.7179900000000001,0.035949914285714285,1.8547069228909052,1.0617433074176488,1.0720502265222493,1.860730385015764,1.8391019047338144,1.7671670113720874,-8.123873956684292,91.87612604331571
499,11991,0.7575920000000005,0.027470065714285716,1.8335074606469872,1.0596113050397629,1.0854101504222968,1.8641554799844118,1.852375128160099,1.7535873642980706,-49.693907226994725,50.306092773005275
500,12014,0.73741,0.03229571428571428,1.844195893177278,1.0610050698208424,1.0781773779032053,1.861570191887127,1.8509145905411584,1.7549684454331653,-10.0156186836075,89.9843813163925
500,12019,0.8013939999999988,0.010416131428571429,1.467520519827786,1.0239807524403497,1.1850133310812814,1.7712108315335908,1.3749427836741173,1.2185011151387362,-11.870301080490663,88.12969891950934
