member,gen_found,lineage_id,percent_He,driver_p,p4,D_throat,reservoir_p,buffer_length,t_hold_s,impact_speed_ms,delta_vs1_ms,ok,opt_t_hold_s,opt_impact_speed_ms,opt_g_al_0
0,212,5100,95.12391179,162864.5556,14110628.17,0.08369823063,5816373.485,0.1158762624,0.00156999,18.0184,50.93158044,1,0.00156999,18.0184,-955.1684196
1,266,6394,95.31894514,165182.2078,13963862.24,0.0837332423,5837181.573,0.1157045819,0.00158403,18.61509,38.27185671,1,0.00158403,18.61509,-61.72814329
2,282,6776,95.28692338,164816.6716,14017922.24,0.08373542819,5837046.686,0.1157634355,0.00157702,18.52571,38.27185671,1,0.00157702,18.52571,-61.72814329
3,286,6864,95.61669462,166454.7682,13444670.52,0.0844760027,5757378.329,0.1157074858,0.00163293,20.02541,39.52933877,1,0.00163293,20.02541,-60.47066123
4,286,6866,95.57179323,165905.5366,13502646.79,0.08441343935,5762976.335,0.1158155828,0.00162812,19.87727,52.18010316,1,0.00162812,19.87727,-47.81989684
5,288,6921,95.10939102,162606.0904,14105639.84,0.08369151187,5804587.17,0.115904031,0.00156801,18.0009,38.64919498,1,0.00156801,18.0009,-61.35080502
6,295,7086,95.10889863,162440.8871,14090402.2,0.08368940802,5803466.629,0.1158735108,0.00157217,18.03015,38.77495656,1,0.00157217,18.03015,-61.22504344
7,297,7135,95.27178699,165077.455,13994903.42,0.08373899887,5833979.448,0.1157416314,0.00157696,18.50753,39.02645296,1,0.00157696,18.50753,-60.97354704
8,313,7519,95.08114225,162958.6943,14105498.26,0.08368610526,5808346.65,0.1159941524,0.00156611,17.8594,38.77495656,1,0.00156611,17.8594,-61.22504344
9,316,7584,95.62078258,166732.6396,13463954.54,0.08446086169,5758704.593,0.1157256604,0.00163011,20.0174,39.2779137,1,0.00163011,20.0174,-60.7220863
10,318,7638,95.06844338,162853.6816,14116695.59,0.08368053002,5808261.69,0.1160171157,0.00156502,17.82741,53.3030196,1,0.00156502,17.82741,-46.6969804
11,329,7897,95.57171153,165954.6731,13509182.73,0.08441070785,5764463.19,0.11582143,0.00162493,19.8576,52.30490691,1,0.00162493,19.8576,-47.69509309
12,331,7945,95.56645392,165795.8449,13510723.06,0.08441009471,5762341.765,0.1158275426,0.00162696,19.86735,49.43218781,1,0.00162696,19.86735,-50.56781219
13,339,8140,95.41630453,165285.2504,13593519.56,0.08442410849,5750032.435,0.1161021255,0.00161409,19.28423,51.43109541,1,0.00161409,19.28423,-48.56890459
14,343,8233,95.48700033,165521.1427,13536011.8,0.08436667378,5749430.286,0.1159635978,0.00162006,19.53266,50.43192422,1,0.00162006,19.53266,-49.56807578
15,349,8378,95.39056929,165161.1561,13624922.83,0.08439790367,5750896.971,0.1161543327,0.00160909,19.17467,50.05708933,1,0.00160909,19.17467,-49.94291067
16,350,8403,95.3188137,165188.1779,13949493.74,0.08375172306,5831138.88,0.1156727682,0.00158514,18.64191,38.77495656,1,0.00158514,18.64191,-61.22504344
17,353,8473,95.48496593,165683.9585,13556954.04,0.08436293422,5749016.977,0.1159735032,0.00161805,19.50668,50.80667963,1,0.00161805,19.50668,-49.19332037
18,355,8521,95.48209854,165555.8567,13543525.08,0.08436527392,5749687.899,0.1159676812,0.00161896,19.51106,49.18216533,1,0.00161896,19.51106,-50.81783467
19,361,8664,95.62384381,166416.7525,13442174.38,0.08446727392,5757141.353,0.115726865,0.00163402,20.05608,39.02645296,1,0.00163402,20.05608,-60.97354704
20,364,8738,95.38750738,165402.1291,13651504.6,0.08439558153,5751299.643,0.116157038,0.00159505,19.15026,51.80563898,1,0.00159505,19.15026,-48.19436102
21,369,8858,95.3818702,165071.3596,13625036.69,0.08439825085,5750068.104,0.1161430174,0.00160096,19.16116,52.92879344,1,0.00160096,19.16116,-47.07120656
22,371,8909,95.00616986,162190.5867,14170542.3,0.08354081529,5806164.864,0.1165060765,0.00156401,17.47546,50.93158044,1,0.00156401,17.47546,-49.06841956
23,381,9154,94.30245342,154966.6203,14546599.74,0.08165077278,5646381.314,0.1221948023,0.00153809,13.67166,74.38037564,1,0.00153809,13.67166,-25.61962436
24,385,9244,95.11533301,162532.4308,14076491.27,0.08369201528,5802965.677,0.1158639708,0.00157402,18.05212,52.80403377,1,0.00157402,18.05212,-47.19596623
25,389,9337,95.4879952,165576.2507,13530870.51,0.0843726881,5748550.25,0.1159472918,0.00162198,19.53372,52.05529058,1,0.00162198,19.53372,-47.94470942
26,397,9535,94.43785192,155806.3822,14485200.39,0.08192572485,5672992.532,0.1215073982,0.00154391,14.47133,64.61698233,1,0.00154391,14.47133,-35.38301767
27,405,9731,93.16461971,147166.0656,15893571.26,0.08282908141,5728129.646,0.1171616495,0.00137304,11.31009,50.80667963,1,0.00137304,11.31009,-49.19332037
28,410,9846,94.49392808,158645.0336,14395505.19,0.08199242407,5676129,0.1213730884,0.001544,14.69856,76.72046029,1,0.001544,14.69856,-23.27953971
29,412,9895,94.36620548,154292.5056,14550736.82,0.08167141541,5657708.023,0.1221439887,0.00154088,14.38984,75.98182329,1,0.00154088,14.38984,-24.01817671
30,414,9936,95.6256003,166442.2718,13430335.36,0.08446761513,5757429.737,0.1157268945,0.00163512,20.06079,49.80715523,1,0.00163512,20.06079,-50.19284477
31,418,10034,95.38921644,165091.3227,13611143.42,0.08439816836,5750968.786,0.1161613693,0.00161105,19.17753,38.02025325,1,0.00161105,19.17753,-61.97974675
32,419,10067,93.22074536,147418.4706,15850015.06,0.08285370273,5723270.723,0.1171448451,0.001374,11.5117,62.75703568,1,0.001374,11.5117,-37.24296432
33,432,10372,95.11515587,162471.3396,14067548.67,0.08369038784,5802922.225,0.1158647159,0.00157618,18.05756,49.68217493,1,0.00157618,18.05756,-50.31782507
34,436,10465,95.49067218,165590.8974,13527618.02,0.08437219516,5748414.134,0.115950256,0.00162201,19.54381,52.55448797,1,0.00162201,19.54381,-47.44551203
35,436,10469,94.68752843,158158.9031,14340220.2,0.08265589234,5723058.311,0.1187893035,0.00155814,15.95951,49.05714084,1,0.00155814,15.95951,-50.94285916
36,441,10590,94.5584091,157325.1298,14405454.1,0.08220542548,5690743.898,0.1209142949,0.00155089,14.9432,62.88109327,1,0.00155089,14.9432,-37.11890673
37,444,10675,91.0022959,134677.7463,17517272.67,0.0816238377,5588247.613,0.1186339509,0.00123699,4.208651,63.25321359,1,0.00123699,4.208651,-36.74678641
38,445,10692,93.18545108,147543.8633,15864202.97,0.08283423116,5727170.961,0.1171478793,0.00136905,11.29844,65.60815091,1,0.00136905,11.29844,-34.39184909
39,450,10807,94.50092677,156491.5798,14429993.48,0.08210871505,5679314.596,0.1212293187,0.00154694,14.78838,76.47428251,1,0.00154694,14.78838,-23.52571749
40,456,10951,94.55080039,157729.6225,14403743.59,0.08222878818,5694642.696,0.1207238523,0.00154706,14.92357,74.99649,1,0.00154706,14.92357,-25.00351
41,458,10995,95.31916468,165177.9191,13947300.96,0.08375092499,5831001.544,0.1156726595,0.00158599,18.64654,38.64919498,1,0.00158599,18.64654,-61.35080502
42,458,11004,93.15191395,147503.8232,15884295.14,0.08283367127,5726217.679,0.117140146,0.001369,11.17803,62.13661664,1,0.001369,11.17803,-37.86338336
43,458,11007,92.47042232,142258.7672,15846751.5,0.08226548742,5525415.544,0.1185026051,0.00136893,9.299295,75.4892258,1,0.00136893,9.299295,-24.5107742
44,460,11042,95.38968345,165095.9469,13609379.21,0.08439862314,5750842.552,0.1161603403,0.00161219,19.17876,50.55685152,1,0.00161219,19.17876,-49.44314848
45,462,11102,92.36655216,141565.6521,15894272.26,0.08219698145,5516685.98,0.1183994376,0.00136094,9.025667,89.22988184,1,0.00136094,9.025667,-10.77011816
46,466,11189,94.68653173,158073.0014,14319207.53,0.08265156061,5722819.916,0.1187945869,0.00155997,15.96066,64.493047,1,0.00155997,15.96066,-35.506953
47,470,11292,92.27277783,141621.3079,16006644.68,0.08222537448,5523726.122,0.1186897045,0.00135106,8.642708,88.37424385,1,0.00135106,8.642708,-11.62575615
48,470,11301,90.82435077,133889.6554,17543471.44,0.08167175057,5542460.02,0.1188433704,0.00122702,3.867152,77.21271222,1,0.00122702,3.867152,-22.78728778
49,479,11497,95.49079381,165591.1551,13526671.29,0.08437264504,5748337.146,0.1159496421,0.00162317,19.54478,50.18204312,1,0.00162317,19.54478,-49.81795688
50,479,11504,94.30126498,154863.1359,14532255.76,0.08165142931,5646323.041,0.1221901991,0.00154002,13.70135,76.47428251,1,0.00154002,13.70135,-23.52571749
51,479,11513,91.16141553,134963.7876,16812351.31,0.08164653802,5392627.429,0.1192635582,0.00126806,5.50302,99.58645568,1,0.00126806,5.50302,-0.4135443171
52,481,11550,94.57898128,157236.5173,14388808.63,0.08220361134,5696295.496,0.1207968949,0.00155309,15.09367,65.60815091,1,0.00155309,15.09367,-34.39184909
53,483,11609,91.12935354,135757.7828,16721047.87,0.08164155186,5434152.472,0.1194357345,0.00128893,5.813407,76.35118066,1,0.00128893,5.813407,-23.64881934
54,483,11611,91.22547425,136201.7538,17336826.86,0.08175048965,5593968.039,0.1185350223,0.00124998,4.964774,51.18135557,1,0.00124998,4.964774,-48.81864443
55,486,11678,91.66505842,137715.3943,16273975.66,0.08182496229,5450178.198,0.1189736002,0.00132298,6.907806,74.62684733,1,0.00132298,6.907806,-25.37315267
56,486,11683,91.22538589,136533.1564,17333226.12,0.08171842456,5595189.745,0.118618529,0.00125104,5.117608,51.43109541,1,0.00125104,5.117608,-48.56890459
57,486,11687,88.89770956,124826.0425,18064201.38,0.08431635835,5280298.087,0.1138919828,0.00110909,2.867236,88.98545658,1,0.00110909,2.867236,-11.01454342
58,487,11690,95.38951664,165095.2412,13609483.45,0.08439858638,5750833.328,0.1161603182,0.00161198,19.17786,50.43192422,1,0.00161198,19.17786,-49.56807578
59,488,11713,95.49079438,165591.3738,13526682.44,0.08437269959,5748343.208,0.1159495432,0.00162317,19.54468,50.05708933,1,0.00162317,19.54468,-49.94291067
60,489,11745,94.29728289,153879.248,14547266.25,0.08112611765,5617540.821,0.1235818282,0.00153803,13.40311,88.37424385,1,0.00153803,13.40311,-11.62575615
61,489,11753,91.27926052,136776.6206,17290926.77,0.0817989422,5600417.24,0.1184278411,0.00125305,5.298297,51.3062299,1,0.00125305,5.298297,-48.6937701
62,489,11755,90.78784664,133471.6015,17525241.5,0.08165381776,5532893.976,0.1188551994,0.001223,3.763166,74.99649,1,0.001223,3.763166,-25.00351
63,489,11756,90.52640884,132019.185,17731893.97,0.08150593234,5519675.677,0.1190629855,0.00121409,3.042423,77.58181053,1,0.00121409,3.042423,-22.41818947
64,491,11799,91.60956128,137904.5698,16175413.44,0.08176524814,5422837.973,0.1191251555,0.00133508,6.938335,75.36605482,1,0.00133508,6.938335,-24.63394518
65,491,11806,90.59306938,132394.7591,17695929.68,0.08157203357,5524183.582,0.118978973,0.00121803,3.220382,75.85868688,1,0.00121803,3.220382,-24.14131312
66,492,11816,94.30041946,154885.3256,14532732.25,0.08165182846,5646284.481,0.1221888913,0.00154001,13.69453,76.10495105,1,0.00154001,13.69453,-23.89504895
67,494,11861,94.68628353,158026.6077,14312491.06,0.08264855415,5722199.988,0.1187990651,0.00156218,15.98172,65.60815091,1,0.00156218,15.98172,-34.39184909
68,494,11863,94.55877419,157338.095,14398176.32,0.08221374344,5691126.977,0.1208946355,0.00155109,14.95398,77.45878639,1,0.00155109,14.95398,-22.54121361
69,494,11864,94.30036988,154893.6065,14534645.61,0.08164720018,5646352.317,0.1221995821,0.0015399,13.68444,86.17210734,1,0.0015399,13.68444,-13.82789266
70,494,11879,88.86719174,124773.4992,18092029.71,0.08430182217,5278185.159,0.1138864408,0.00111112,2.892311,88.12969892,1,0.00111112,2.892311,-11.87030108
71,496,11904,95.62547418,166460.7925,13430980.64,0.08446743019,5757492.988,0.1157268382,0.00163518,20.07961,39.52933877,1,0.00163518,20.07961,-60.47066123
72,496,11906,95.38954181,165095.0527,13609541.11,0.0843985985,5750840.304,0.1161602957,0.00161217,19.17802,50.55685152,1,0.00161217,19.17802,-49.44314848
73,496,11909,94.68608964,158051.1522,14313605.05,0.08264785455,5722329.325,0.1188004591,0.00156215,15.96603,52.18010316,1,0.00156215,15.96603,-47.81989684
74,496,11910,94.60018246,157382.6773,14363057.83,0.0822616895,5700352.417,0.120618692,0.00155812,15.23053,64.74090893,1,0.00155812,15.23053,-35.25909107
75,496,11918,92.17457023,140775.0208,16056047.88,0.0821582619,5522183.229,0.1186619809,0.00134904,8.396321,64.24515016,1,0.00134904,8.396321,-35.75484984
76,496,11922,91.1342195,135922.1692,17479011.61,0.08170705806,5591394.499,0.1185997747,0.00123704,4.904559,63.6252553,1,0.00123704,4.904559,-36.3747447
77,496,11924,90.85681788,133906.8604,17440162.95,0.08170304996,5542364.657,0.1188478213,0.001232,4.051227,65.73200774,1,0.001232,4.051227,-34.26799226
78,497,11931,95.31915639,165176.8974,13947233.96,0.08375090229,5831001.619,0.1156727083,0.00158618,18.64725,38.64919498,1,0.00158618,18.64725,-61.35080502
79,497,11936,94.3028975,154912.6272,14532955.79,0.08165588434,5646444.498,0.1221733301,0.00154007,13.70483,76.59737571,1,0.00154007,13.70483,-23.40262429
80,497,11945,91.29475267,136228.9956,16479711.78,0.08161601152,5421630.053,0.119233703,0.00130698,6.012994,77.33575362,1,0.00130698,6.012994,-22.66424638
81,498,11963,94.07660205,153688.3236,14763403.32,0.08061738455,5589675.592,0.1250909023,0.00151494,11.75537,99.58645568,1,0.00151494,11.75537,-0.4135443171
82,498,11969,91.11605454,135486.7802,16735774.54,0.08163593764,5415301.73,0.119516224,0.00127998,5.709145,88.37424385,1,0.00127998,5.709145,-11.62575615
83,498,11975,88.91057163,124860.9328,18020508.96,0.08430965175,5280014.327,0.1138996659,0.00111289,2.89437,88.4965035,1,0.00111289,2.89437,-11.5034965
84,499,11978,95.38957355,165095.8512,13609494.08,0.08439858049,5750842.423,0.1161603266,0.00161218,19.17815,50.43192422,1,0.00161218,19.17815,-49.56807578
85,499,11987,94.15469569,153723.6392,14649754.97,0.0807129391,5598234.389,0.1248519322,0.00153403,12.06883,88.98545658,1,0.00153403,12.06883,-11.01454342
86,500,12004,95.11503338,162476.8817,14068520.42,0.08369052377,5802897.449,0.1158646519,0.00157617,18.05381,37.01348235,1,0.00157617,18.05381,-62.98651765
87,500,12023,88.87365742,124636.1225,18138746.23,0.08431687189,5276808.869,0.1138857643,0.00110794,2.808075,87.15117703,1,0.00110794,2.808075,-12.84882297
