generation,parent_slot,lineage_id,sigma,psucc,feasible,pitot3_sentinel,spark_sentinel,g_al,raw_pct_he,raw_driver_p,raw_p4,raw_d_throat,raw_reservoir_p,raw_buffer_length,scaled_pct_he,scaled_driver_p,scaled_p4,scaled_d_throat,scaled_reservoir_p,scaled_buffer_length,raw_delta_vs1,raw_hold_time,raw_impact_speed,scaled_delta_vs1,scaled_hold_time,scaled_impact_speed
10,0,,0.11808335442858496,0.3389756944444444,True,False,False,-3401.1291748860735,76.53345480959211,110747.82521649152,25038018.672004007,0.07294779424904178,5286090.591896332,0.07404851823774328,1.2177818269864038,1.0401274967166776,1.1798125505413943,1.6556512642583365,1.6559991558162936,1.2404851823774328,183.87082511392646,0.0009709999999999996,52.29855,,0.8058000000000001,0.14942442857142857
10,1,,0.09991965677806096,0.22337962962962962,True,False,False,-2293.314986813437,83.22155530564487,177712.43448437494,5212540.017310116,0.07922809345182032,4108820.7339474447,0.09160607298836113,1.4407185101881623,1.0646120104938745,1.0125095182015602,1.8350883843377233,1.502552260644734,1.4160607298836112,1291.685013186563,0.0007176599999999984,35.79834,,0.8564680000000003,0.10228097142857144
10,2,,0.09953810705865762,0.16666666666666666,True,False,False,-2068.4797469646373,97.3441675491631,109067.56026792391,31936496.140440237,0.07008472552988679,6556921.001157502,0.0982580129057169,1.91147225163877,1.039513135328889,1.2365574151865983,1.573849300853908,1.817121866159141,1.482580129057169,1516.5202530353627,0.0005549499999999985,28.095380000000002,,0.8890100000000003,0.08027251428571429
10,3,,0.10279881408516497,0.1983989197530864,True,False,False,-3571.81126549272,93.72769936919212,151316.09179684447,15293657.427617472,0.08284306896384806,5882600.967363678,0.11302310489118099,1.7909233123064041,1.0549606196582317,1.0735120665741698,1.9383733989670873,1.7302224095910788,1.63023104891181,13.18873450728006,0.0003151000000000022,13.50709,,0.9369799999999996,0.038591685714285714
10,4,,0.10210518621451076,0.25,True,False,False,-2346.9220117815457,86.90116636360375,169447.0036319694,5320647.354003541,0.08155144755942632,7437005.88143974,0.11585063202471825,1.5633722121201252,1.0615898909326207,1.014268643560426,1.9014699302693234,1.9281028914788791,1.6585063202471826,1238.0779882184543,0.0005571000000000013,91.10399,,0.8885799999999997,0.2602971142857143
10,5,,0.1,0.18181818181818182,True,False,False,-2724.7213972371515,97.48696810565889,375732.8859074704,7218784.467858878,0.07793215563986451,7606120.516739621,0.12752301096916197,1.9162322701886296,1.1370149487629533,1.0039051909771237,1.7980615897104144,1.9483387088403106,1.7752301096916197,860.2786027628485,0.000516019999999999,47.05148,,0.8967960000000003,0.1344328
10,6,,0.1035931400515108,0.22916666666666666,True,False,False,-2983.6496001909445,75.0248749833554,133969.79755210588,18955163.18777624,0.08008674176409841,6199749.528988787,0.08394948458299041,1.1674958327785134,1.0486182309687138,1.1078803173045773,1.8596211932599545,1.7711360845714808,1.339494845829904,601.3503998090555,0.00028498000000000065,38.60924,,0.9430039999999998,0.11031211428571429
10,7,,0.12112871390712321,0.4223090277777778,True,False,False,-2907.7374894594573,89.17780927497415,132526.6698176259,11258857.17045943,0.07275778119047778,6889103.253306197,0.06889937248125111,1.639260309165805,1.0480905749234768,1.0598085109676025,1.6502223197279364,1.8587987909114334,1.188993724812511,677.2625105405427,0.0002331400000000032,29.39318,,0.9533719999999993,0.08398051428571429
10,8,,0.1,0.18181818181818182,True,False,False,-2785.8257187430477,86.90893016755581,203055.66949248774,11518769.117163708,0.08416327657178045,7973553.093535951,0.11142123080790042,1.5636310055851936,1.073878349736333,1.0358050939196732,1.976093616336584,1.9966080421581864,1.6142123080790043,799.1742812569523,0.00015402999999999945,18.73817,,0.9691940000000001,0.053537628571428575
10,9,,0.1035931400515108,0.22916666666666666,True,False,False,-2906.9767441860417,96.90933463402256,167478.0871810997,5753643.538774508,0.0778829441052925,4995553.308023398,0.07640456408704877,1.8969778211340853,1.060869988845615,1.01678098404338,1.7966555458655002,1.6164138797927332,1.2640456408704877,678.0232558139583,0.00044904999999999945,47.08594000000001,,0.9101900000000002,0.13453125714285716
10,10,,0.1048349052634947,0.19256365740740738,True,False,False,-2500.5001000199945,71.71273165330987,167347.48158648534,10275860.724759655,0.08069389729833938,6825291.865427524,0.08904413971224372,1.057091055110329,1.06082223504677,1.0397822590168821,1.8769684942382678,1.8500242246402614,1.3904413971224372,1084.4998999800055,0.00021084000000000033,39.50443,,0.9578319999999999,0.11286979999999999
10,11,,0.11254694432213024,0.36979166666666663,True,False,False,-3020.8742410053515,87.57514416253379,146179.4025531153,11094084.099573808,0.06553090874390531,7683406.478666755,0.11083756476332966,1.5858381387511262,1.0530824732771464,1.0521029757242435,1.4437402498258658,1.959689234378977,1.6083756476332967,564.1257589946485,7.702000000000056e-05,32.83644,,0.9845959999999999,0.09381840000000001
10,12,,0.12897051423620146,0.3871166087962963,True,False,False,-3067.2964848782303,89.4100507857191,159456.54719835258,9243795.394034885,0.07386660596971444,7468384.463464894,0.07276216386796644,1.647001692857303,1.0579370439905764,1.0368624612649804,1.6819030277061267,1.9321965958437302,1.2276216386796643,517.7035151217697,0.0,22.0915,,1.0,0.06311857142857143
10,13,,0.10449126110942733,0.21006944444444442,True,False,False,-3140.0169259288687,96.61797842942178,164843.3901745834,21274905.94116504,0.07729939081706107,4963785.971155379,0.07081298837438225,1.8872659476473927,1.0599066549912095,1.0973132222507367,1.7799825947731733,1.612488405779004,1.2081298837438226,444.98307407113134,0.0003100799999999973,60.87516,,0.9379840000000006,0.17392902857142858
10,14,,0.1035931400515108,0.22916666666666666,True,False,False,-3257.5412078962972,80.85059945281944,96259.76003836357,16143329.843485294,0.08469422121628922,4609216.620127416,0.10492036883825312,1.3616866484273145,1.0348301727221518,1.130173979459288,1.991263463322549,1.5709900278948132,1.5492036883825313,327.45879210370276,0.0002339899999999999,51.29779,,0.953202,0.14656511428571428
10,15,,0.10491709251729248,0.2997685185185185,True,False,False,-3038.110073547684,89.23933987437961,109204.65974992297,33214667.96411433,0.06698046454267435,7942434.225787194,0.05138460128973395,1.6413113291459869,1.0395632635114103,1.2461974366026083,1.4851561297906957,1.9927046930340255,1.0138460128973394,546.8899264523161,0.00017392999999999922,46.01997,,0.9652140000000001,0.13148562857142856
10,16,,0.1035931400515108,0.22916666666666666,True,False,False,-2792.67202859696,73.83200596427457,169367.85457338346,20849301.206525363,0.06330308641622373,7688031.03584736,0.12313900803208792,1.1277335321424857,1.061560951374299,1.0922447075535795,1.3800881833206777,1.9601604368129026,1.7313900803208793,792.32797140304,0.0002698299999999987,67.19678,,0.9460340000000003,0.19199080000000002
10,17,,0.11245878019124139,0.2625868055555555,True,False,False,-3115.7501168406257,85.49583315690268,116134.98233499358,13904353.390370889,0.07539735026761864,5971989.751571288,0.11815809640288562,1.516527771896756,1.0420972225782925,1.0893749182481929,1.725638579074818,1.7427644633838042,1.6815809640288562,469.24988315937435,0.0002620200000000017,79.30279,,0.9475959999999997,0.22657940000000001
10,18,,0.10491709251729248,0.2997685185185185,True,False,False,-3383.4120943617927,91.51831052266061,168308.4752686913,33780819.60699546,0.06694978153333069,7166436.589674322,0.06016215654090047,1.7172770174220204,1.0611736066639423,1.1582365584746266,1.4842794723808765,1.8935653418302536,1.1016215654090047,201.5879056382073,0.0,71.84379,,1.0,0.20526797142857142
10,19,,0.10449126110942733,0.21006944444444442,True,False,False,-2968.848884594382,89.6700806170702,70167.85695626645,22344410.488538254,0.08100101564545185,6391505.56316595,0.14072586735710502,1.65566935390234,1.0252900952473283,1.2583500594762727,1.885743304155767,1.797159081324935,1.9072586735710502,616.1511154056179,0.0002600399999999996,182.5266,,0.9479920000000001,0.5215045714285714
10,20,,0.09991965677806096,0.22337962962962962,True,False,False,-2694.328438636665,77.99773580959774,59124.17430738149,8694348.451806895,0.08185991423248619,3723736.262064966,0.09680153273830899,1.266591193653258,1.0212521533714052,1.1126115803058416,1.9102832637853195,1.4614871417458477,1.46801532738309,890.6715613633351,0.000231969999999998,126.43769999999999,,0.9536060000000004,0.3612505714285714
10,21,,0.11254694432213024,0.36979166666666663,True,False,False,-3183.69945877108,84.46691417131974,81856.03429726114,15119052.082118366,0.07124585720217987,6044041.731191932,0.07070479119253081,1.4822304723773247,1.029563686062905,1.1446271401582848,1.6070244914908531,1.7529776829923456,1.2070479119253081,401.3005412289199,0.00018319999999999795,106.289,,0.9633600000000004,0.30368285714285714
10,22,,0.11808335442858496,0.3389756944444444,True,False,False,-3366.4170248374203,88.18867336027324,89701.81412773817,21495127.583404865,0.07177210909314455,7388277.547761874,0.0682581227272749,1.606289112009108,1.032432367093861,1.1913322871523992,1.6220602598041298,1.9226675862446427,1.182581227272749,218.58297516257971,0.00013594999999999927,102.5193,,0.9728100000000002,0.29291228571428574
10,23,,0.10120316818419796,0.2361111111111111,True,False,False,-3466.15911700435,92.70166204336348,88887.90465776216,12365488.513617681,0.08425123926261358,5785449.643258818,0.10382509030716683,1.756722068112116,1.0321347744124598,1.1058607376841993,1.9786068360746734,1.7200709166989272,1.5382509030716682,118.84088299565019,8.697000000000218e-05,129.5982,,0.9826059999999995,0.3702805714285714
